PROJECT_ID,PROJECT,ROUND,url,Description
0xfb9c6bee53311e7ab8c57cb83859e2fcc28ba679e699a47d2d6c3fa9b8c5cd13,BlockUtils,WEB3 INFRA,,
0xf2ce476bc1f7c6a5388136760a4c565001ff1a556363a43759e1ed00a8018677,DAOstar,WEB3 INFRA,,
0xe826b1a26848a3c370bf02021a95b6acf6786256f31238a1defe323bb50360af,Contract Level,WEB3 INFRA,,
0xf43f0484bcd7afb2089b2e9da87eca40bef717a0d86dd98b696b24c9bc3e7356,TriggerX,WEB3 INFRA,,
0xdc857f3edfc8293b33fed09280ab335ef62a58001f7f899b1d8089b6e49f6ea0,Acadlayer,WEB3 INFRA,,
0x0e0b13f694f97590467a2d91226f5988483002690d6d305e89920ef632bbe9b8,Commit-Boost,WEB3 INFRA,,
0xe955bf7fdaaa527fdb72eeaeab78fd0be4b3acc51778471a0b394b2221fcb8cf,MiniBridge,WEB3 INFRA,,
0xf8eb666a7df2d28609bb67ec2c3646d46c44d8e5f78bc20e01a74e3ea6a6985f,GovGraph,WEB3 INFRA,,
0x3cae7aa84706f7032f4757311bcf2e2c632fc1383e5e0250e6a7ae599e8c2bc0,Circuitscan,WEB3 INFRA,,
0xea9cfd8f69b336eb6a64f6af1de2a27285a681f82b61e172320ad7f1eb63a208,EthPillar: 1-click staking nodes by CoinCashew,WEB3 INFRA,,
0x9d84ffdf1483554511a0fa7d1dda1b2b1fa455fddb4733121a250a6d93a300f3,Ethereum on ARM,WEB3 INFRA,,
0x9abda3e526ac4d553d3cdf057a504a168df921ca78e232b46257b7d106112dbb,ethOS,WEB3 INFRA,,
0x62b3b673127e9511afdb47e7f0ef3f0bbc944ebf8492a88f5ed1ee9a4bfe14f2,Lodestar,WEB3 INFRA,,
0xbe150a42d3908b81d02a0db396bfcfc1eea47a0adfa43ee22eb82f02f46b9231,Militereum,WEB3 INFRA,,
0x516c5de42ab87ace201b76af95626784e60b8f3e5b38517a2fe21f327d78bae8,Monas,WEB3 INFRA,,
0xf97940e6e0db99e0062e1d1cc390d48075445e7d6e7aa77e727b3b24c9e616d5,Resi (Resilient Stable Infrastructure) Protocol,WEB3 INFRA,,
0xcf324fb6eca9c6b44ac7f613f07315bbad9cf4027c16ec150adb7d0a84054583,Vocdoni - Decentralized and anonymous voting,WEB3 INFRA,,
0xcc52492e46dbd2c54cdb936a81a470abfd16bf20f0733a8734a7da9c122cbf2d,Lighthouse by Sigma Prime,WEB3 INFRA,,
0xbfa9f72968bba383dfbc1ec001c53c2cee437edbdf9a85a31439d715ca7a039d,Stakers Union,WEB3 INFRA,,
0xf8e3771e90d1bdb333bd2c23db0feda10e046aa09ffc94ffd89ebcbe8089fb9f,Guardian Account Abstraction,WEB3 INFRA,,
0xbe81c3716fb87ffc8f50493a99df7cded36513388f6cb9f68524a27c6a4b4bf6,Abundance Protocol,WEB3 INFRA,,
0x2b1f7b2f91d848d911c41091d1addffd337b908834ae524e33286fa28e0ca683,MigaLabs,WEB3 INFRA,,
0xb0bb192634474ead9c1f62d59bd41d928bd191e2dc9915209e7cd250560f9710,ONCHAINSUPPLY,WEB3 INFRA,,
0x611f1323118db9846b22e4e29d4706eae6bb84289c4746aff689c91d3d66f6c8,BrightID √∞≈∏‚Äù‚Ä† Universal Proof of Uniqueness,WEB3 INFRA,,
0xc9131b4bf4b6f915a1905b64e47127c158248e832bf3b0ef7e9eeb0856d284fa,Superchain Eco,WEB3 INFRA,,
0x6c16840b98f808a2d1d3151bd52c06e2e34c92e54724f45ae938b06a37f96bd9,corpus.core colibri stateless client,WEB3 INFRA,,
0x0e2afbdfcda6cd230bb043f5054debcff6b2b5dd214e4892245a73dfcee2e0da,EIPsInsight,WEB3 INFRA,,
0xfa4d3e88b6a3ac110f8a9bc79a0ac63d7cb2fb41884f4f65bb5261892a070953,The Forus,WEB3 INFRA,,
0xc249a45b3027e3e83196ab206e237e8b08d19b3d925cdd5ddb812c66b0aad012,Stereum - Ethereum Node Installer & Manager,WEB3 INFRA,,
0xab3b35780a86f5ec610e911fe359e8cbbef9278b300e61826b1d11531d10cb62,ICDevs.org,WEB3 INFRA,,
0xcca3989883a39e5ceac10e7a29aba47ebeb6c6e051b78ad756553e426bf060be,IDENA,WEB3 INFRA,,
0xad4375ecf83acf4c0430c4d8ebae37ef3c479f8a2a26ca82170c65a4a38b2796,AxiomPay,WEB3 INFRA,,
0x9aa1813681cbc4c7acdad3f7687ee68b6c21a055f2df0d771551ad3d0a9e9d4d,Multipass,WEB3 INFRA,,
0x39b9fc3f64d4d9e2c2fadf87c5ffff6646067729145f81323afadfd33f4f099b,Cubane,WEB3 INFRA,,
0xdaf7588714a0008d7ee1fe317a87c80a6f64cb8881c016a1d87bc704eb3b115f,eth.limo,WEB3 INFRA,,
0xdc0b943e2454a497741381ee6172f90a77bc4e16ebc81ac60a5e9bc4c9438ec9,Verifereum,WEB3 INFRA,,
0x431cb7cd8b33fb6d4825e197199e3faffc55d038827572e0dff7e6632a5a27ef,AI Agent Research Labs,WEB3 INFRA,,
0xa69971a1d0e5b72ec73d6504b6a67ed620f837dd10ec9aaeda1d5847d29cf272,WebHash,WEB3 INFRA,,
0xccda73e2534d3366914226bdb94adf06d00c8537fdde363d0269e0610e1e8fd9,Samba,WEB3 INFRA,,
0x4461dd764ba9de1c4559972250f43ecac0e0bc9893c6629b1687177470c1aa72,Open to the Public,WEB3 INFRA,,
0x6a2b25cbf963850d48ac9fcea30fc5df74a0faa80d479e5dc0458767d7548eff,UpStore Sheild,WEB3 INFRA,,
0x6a211acc83116da195d71908fd32f82fda1c579363b102a5cf825bbee9b4025b,TokenHub DeFi: Customizable Loan Pool Factory,WEB3 INFRA,,
0x6097d6982cd9a1d364a37e615fb31ac05e6bc6bbbf30582d18c43baef75813a6,Eth Deb repository,WEB3 INFRA,,
0x89e50232d5b9a17ed8547823bb4c66730b24acb076a5812391cd060fad67eb01,Proof of Philanthropy: A Verifiable Giving Pledge for the Modern Age (GG23),WEB3 INFRA,,
0x0192fd72d195ccf37dc79750b830ac24b9b3ba5fd602286e90fd7e53122cd565,EIP.Tools,WEB3 INFRA,,
0x809200832ea46d32a4f95f94e73fc6d2cfa75d449db5a8b2cef2420e8d73144d,WYT Network,WEB3 INFRA,,
0xbcdf771115a3b334eff3df10c10b8b65563c2f92a58922de8e8836ec1904c68d,AIxScan,WEB3 INFRA,,
0x9119659eb8173b32bb4423f83702ee30c1e1db49ae0c07b00263bf3ea7f4d4ef,Deep Funding,WEB3 INFRA,,
0x7e5821e34fb1a8c9cd2631c63dd8039c516eca0b4780a39f5e73a25a2687255c,Make.DIY Utilities Web3,WEB3 INFRA,,
0xfb5966e66536dceb70d9155ffa266855110a7001723c5887fb2fa9f4aeee5919,paynet,WEB3 INFRA,,
0x8d10bd0b7445d1791f2bde8d9649828d77157f157cb39faf1f4e09a70ed102a6,Guild Guild,WEB3 INFRA,,
0xc4cac08995f60881deb1df63b29636a67b9d0cc809c34b1138a80ae3f0749746,Pairwise: Empower your community with smarter voting.,WEB3 INFRA,,
0xcc36baaf526f6e98b69c8290cf3df258f3f7bf68292ab2143edc678f9ed0ce6e,q/acc- Quadratic Accelerator,WEB3 INFRA,,
0xe084029d76ed3ac56650706b083845b0ffe786e9abb770f14c0a145381c32b2a,Opti.Domains | Scale ENS to OP,WEB3 INFRA,,
0x37bfa7d0eca13f7845180c78a4b7958bf99d02f25037f8903af7982dc3ea1f47,LexClinic [alpha-to-beta],WEB3 INFRA,,
0xc96f4ae8811a648a592f431fdf1ba837d55861de660298059dab6fb81be063c0,dWeb.host | Free IPFS Pinning for all ENS domains,WEB3 INFRA,,
0x29731d9ec0ae453f5a75430735ab1e20bb85dceb77892469da097aec4bfca54f,Lakat √∞≈∏‚Äú≈ì,WEB3 INFRA,,
0x61a0738033c9247b1236c3d0ee1cc3a098e114d8292394c57b4083ef78ab8278,Cubid Protocol,WEB3 INFRA,,
0x8f995b13199ce3c032de50515b7bfef865bee645cefc7feac76f84b2beae2f59,Peersky Browser,WEB3 INFRA,,
0xb5562d378993e56611dfdb1fa145782222c06812669521282cd287976620df01,CryptoBoddy,WEB3 INFRA,,
0x4a960782a3b8681844dfecd31dee6fcbbb06028493240b524e8fa1dab18b2b64,Web3GPT,DEV TOOLING,,
0xe81bec1db1a71473aaa482d44f142bdfc6717e36db537372040c8db414e90e78,variance,DEV TOOLING,,
0xb41886ba1efb90342778b99e54257c26a58a723ac6820b1578a359824452044f,OrbitDB,DEV TOOLING,,
0xa7b8948d5c8b8d2cd502cd9c8638dda011ecfbfc10abe0df58a504e4802f5d6d,Human Passport (formerly Gitcoin Passport),DEV TOOLING,,
0xbe25f387e9a599ccf2cb0525a5e69be8704ac8e610fe7b26f32023c390fcc5c4,Iggy - Web3 Social Framework,DEV TOOLING,,
0x0685571a364d43f0c52de722141375d8d38e95c5354c564ac7f673d54e884f9a,Ape Framework,DEV TOOLING,,
0x20dfd9a36a5713f967bbb578fc16de3a4fd97195c929ae5819929642de17d09b,web3.py,DEV TOOLING,,
0x7188748a141f5d82a01c699bcc1ea8e005c4712844a4abf43e4b12368ac3721c,The Wizard,DEV TOOLING,,
0x3cc8662636a42846fa8f2c73b7c5dcca7c51610cd36aaa18b56fddc7d1d9a5f9,Scaffold-ETH-Mobile,DEV TOOLING,,
0x51e6a19e11caa5b107e61215a94d646a1d6209e0ecb4b9c4507e568040401142,Nexth - A Next.js + Ethereum starter kit,DEV TOOLING,,
0x2fd12cb88cba8d832aaca4cfb55962a2adc78491132d388586b3f58afb1264e3,Open Source Observer,DEV TOOLING,,
0x7bd8f08d99d1dfbd44e49fc8d3adbaba5f3d6d1d94ba5ad0ff3b2ec951b5c9a1,Otterscan,DEV TOOLING,,
0x5103b62b44ea110b8f907fa57c2684a8a03962da5414f18dd63f680f861c57cb,Ethaccount,DEV TOOLING,,
0x1249835eaab22b2d2fd7f34556a20cae9cfd902f56c54789730081e6996ed012,Astral,DEV TOOLING,,
0x5876a29572047b39be601fcd3d6ae177504d5a19fd5601c8d23b6cc3560501cb,ABI Ninja,DEV TOOLING,,
0xb53b487d661f2efa3ddc77ce0f287d6b5e62b1e24aafda7fe8605d5fbc00e84b,Lighthouse,DEV TOOLING,,
0x907e3d02907d4fef4c0fb51051b2412ad7ee1637473a76cea6560aae3dfadff1,Know Your Rpc,DEV TOOLING,,
0x455a568be64843690b179b7d32d44e7bfc53e71815e18cb699af2c5ec80c2a6e,Sablier Extension for Scaffold-ETH 2,DEV TOOLING,,
0xd4427d0ffc2b8f58c4ef28410deed1158a7d5e405d6cd5bedb0487441d2ba452,Ethereum Distribution System (EDS): Secure & Efficient On-Chain Code Distribution,DEV TOOLING,,
0x6daf251d0d575422d5f222052060b59acf2bad92148e1261ad1dbfcc474ab06c,Builders Garden,DEV TOOLING,,
0x692fbb6b2d3b5469b23f4d87c0d9d62e56e339214a682375902b1cdbf4c787b8,BetaUI,DEV TOOLING,,
0x5dc6ba820b4b333439d4bb4bebec2d55ceb6edc7f422cc22325184d3ee2c1a46,rekt.news - The dark web of DeFi journalism,DEV TOOLING,,
0x2175520421f3304bd3ffe4ba97f6d8c61de9210dc6da0b596c243119874ad791,SuperUI,DEV TOOLING,,
0x5f61bac522130fcc98305a95ab4379445f2f13c27632b67c3fe437835f2740f3,Scaffold-ETH2,DEV TOOLING,,
0xa69971a1d0e5b72ec73d6504b6a67ed620f837dd10ec9aaeda1d5847d29cf272,WebHash,DEV TOOLING,,
0x05a5d1739241a3665c57ff73c8222fcf4dcec7f4fdf02877b237bc42150152b0,EVM Tools | Toolkit for Web3 & Zk Dapps,DEV TOOLING,,
0x15efcb2d16f0f0233f51f59cffb576fa301cf5db6be97b890297196b13995f0b,growthepie √∞≈∏¬•¬ß√∞≈∏‚Äú¬è,DEV TOOLING,,
0x370f4bde94273ecff1215d723021ff5374c4ca4b92ceadbaf21166d4163ee732,Etherplay Open Source Game Studio,DEV TOOLING,,
0xe4e40336e03c72d779287dd3ff21241893bb59e2bc47213a94047aaa24832713,Regen Eliza Plugin on ARB,DEV TOOLING,,
0x1702dd2a79c90d1730039ce9253dfedcf71ff8383fb0aa1e14a37c6a46c71561,ForgeMeta,DEV TOOLING,,
0x53c004c04e96f375f4ff0dc8616c9d956138415c0299b77d58eac38a3ae4ee6e,Metakraft,DEV TOOLING,,
0x2599d2f2c4c9ffc25fa8d11bcd14a8a9de37b072911ffd7cf3ce515e479375f2,Loop Decoder,DEV TOOLING,,
0x38014bd86d511c16e1862e9e0933737e4dc365b74eaf573e4d2f2e06bec2cd1c,Remix IDE Plugin for Aztec,DEV TOOLING,,
0xebddc2f4fbb0706affbc797cca5cbc4fd2112fe1bca1cbb0e947338e5ae34959,VMkit,DEV TOOLING,,
0x9dd138d22b68c074ec450b2560a00d89887058e886e433bb527fa6fce3f9b352,dDevKit,DEV TOOLING,,
0x08adca0c579251a8258e2e87433dfc15fbf5e58d18d1c905cfb78b29cff4d3b5,n8n √É‚Äî web3,DEV TOOLING,,
0x7e39a5a2d5ed8788a4bc6a4d749628a95e2792426f18f2f1c359aa1249f2eda8,Digimercados Onramper Agent Plugin,DEV TOOLING,,
0x064a5bb8450ea5cbd1615369bfaa4cfd62159f9cf9c087c5d23bb6d2a9ac0354,Bonadocs,DEV TOOLING,,
0xfea413dfe93e444462785e29ac6d024133219ed459163edede986adb84ed2711,DeFiScan,DEV TOOLING,,
0x4c8d716d67653b5aa14300221f05e19c96cde76fcf628fbf6fb92bb014839e64,Swiss-Knife.xyz,DEV TOOLING,,
0x991fb97b5a103c0a62b907878690d17e287e19185a3d3211e92e98c5c8f5137a,forge-stack-tracer,DEV TOOLING,,
0x7e1cb25f8531aa3ccd9f093ade213b00a9dea63ba303520892df624b0fe2a047,Wagmi,DEV TOOLING,,
0x74c6fb94f964c074d232485953afe9686774f74054c82f0bbcc7af361199a864,HookGPT,DEV TOOLING,,
0x04ab372485d7230970a802702561eef7427eea13883960bd2812040b0bad0f2a,Cosmic Capsule: Blockchain-Powered Digital Time Capsules,DEV TOOLING,,
0xc4a58104b6354329902bd078af6739236da8fe981b9d7431d6fafc3fbc7d9027,Crypto-Repos,DEV TOOLING,,
0x508f96cc2a4c05af9dc1a741410193d8d86b9f07ea31926c1a8c1e93f87ce860,Solar Space,DEV TOOLING,,
0x4bb2e6fac4b614cfe450944775b05d1056cb6dacf3d77f5c7c0ff4802e804cf7,ArbitrumHub - The Gateway to Seamless Navigation and Exploration in the ArbitrumDAO Ecosystem,DEV TOOLING,,
0x6a94cd9f978dd077f96eb4fa87b83dcb70d222584ba4beb348fbd80a05c39b07,MemeCatLandar - AI Meme Calendar,DEV TOOLING,,
0xc0c4f5b4bbfc395170964d8f7731b3b964427a782206599be8aa2b7abbd00cb3,Open Labels Initiative (OLI),DEV TOOLING,,
0x5ab014eb31f6c66475d6f20be8a1855eea5d95b7699e1012c3d3dc4a92a58954,LEXON,DEV TOOLING,,
0xa03b064625f8b4fca617800be95013ba80093e4ed947c1c1d038c6b85bebfb70,Pattern,DEV TOOLING,,
0x38ce30d5d7ee704ec6d1530711cce12a295d5608642f4640dd8d0c072d11a3fa,EVM Explorer,DEV TOOLING,,
0x4e3274ad612859bee5b459a1bae8ec04f25c5d85df8eb430923bbd391f36e313,PLUME: Enabling Private Voting on Ethereum via ERC 7524,DEV TOOLING,,
0xa7aa25151d839694c2fa6150ae5b65faf3bb66c1da14149916a9bb8a43c6e4b5,EdgeOS,DEV TOOLING,,
0x2b9be3c545fd71f47c0bc1c17c04baeb8f3d4c350b777b1aeff5a093216e47a3,blocksmith.js,DEV TOOLING,,
0xf42c345d1a3ae64d5953ebf95fe1f294509df92cd4be45675db90febb70ad8f2,Token Engineering Commons,DEV TOOLING,,
0xc9849fd1575e50e123e761b751d6be832c152100c08cdf4bef4a0f5f415cdc20,ami finance,DEV TOOLING,,
0xf838a4863313dcc01882dd8dc1791becd561789115429a2f548bb5caa61be20f,NebulaID,DEV TOOLING,,
0x04cfd34e562c238934ab8aaad2aa2b649b57a4897ff1fa4da1ea1af9455173d9,OpenZeppelin Contracts Library,DEV TOOLING,,
0xcd87bca91e6e004a7dcb8ce25ff8173a3b744f7d795112b3d25f42ce50c0aa03,Chews Protocol,DEV TOOLING,,
0x2ec218d189a1726a1d19616640a0f6f8849db62d071d3bce43008b57859263a2,DAO Coalition,DEV TOOLING,,
0x4223c86fdf4a454546dcde3dc8a2c96f7a5218e0ba1fb0c1a3393887a4b88391,EAS Pulse,DEV TOOLING,,
0x61a0738033c9247b1236c3d0ee1cc3a098e114d8292394c57b4083ef78ab8278,Cubid Protocol,DEV TOOLING,,
0x82bf0d1cd9a7bc7a7f61c6b996de8f268830380ccf3cfb9d67f07fa1b000826c,framelib,DEV TOOLING,,
0xae927a656f3a4b626112c12ab1255b352041ab32d5313d2c94b8b9b297ddfb98,Decentralized Cleanup Network,DAPPS & APPS,,
0x81e93d890857abf601186b625cc9a95aa4c859e9aae814673a13125eff38a196,Eppie √¢‚Ç¨‚Äù Email 2.0 √∞≈∏¬¶‚Äû,DAPPS & APPS,,
0xd9b1d85b459118b33c83e4e40a5b3500b691600ff98bc79c49a2377b51d66ba9,Kapan Finance,DAPPS & APPS,,
0xa6b3ac8eaefda73ea83fbce5fd4724606f0ff6e801ef4160ef82ac37001e2a11,Pheasant Network,DAPPS & APPS,,
0xdebe51a2b4727f5eb6fab0c707a4f6507e542a8bdcd031eb10c7035799ed0ba0,IusNaturalis,DAPPS & APPS,,
0xdee6c892d6f2e2e53004d03f76076cdc8e134139ad7e0787b95492614fa6496f,Yoki Finance,DAPPS & APPS,,
0xfd061a146da1309cf6e7fb5cdd4aaab61b298ecc23d7750ab1ac21ac9b817560,WashikaDAO,DAPPS & APPS,,
0x19b8fdb6bdea6cdb71a19f43c0ec0962ec08b563c57f4c2307d0b954123dd67e,Kiwi News,DAPPS & APPS,,
0x4e9a6efc02fca23d8b644389931e3ebd48ed3468a85b0ff5d6d96ab52e147d78,Chora Club,DAPPS & APPS,,
0xf56dd3fa328f36673fd27422bf169559797919b4e8dd639b341d14127219c70a,RubyScore,DAPPS & APPS,,
0xc313a8cea83983edd81609810cba8f3828b2903438afceebba54438c5c3e15f4,ShiftCTRL,DAPPS & APPS,,
0x9230077b97132b6dc3e201e7428d2576d108adcc1431fc504bf0098bfab152e5,Library Protocol,DAPPS & APPS,,
0x22300f73460f0b7ab5833795ee104f0ddca23007da71b0f60f4356f731ed9495,Wrap on Privacy,DAPPS & APPS,,
0xa018fb58a9580407f1abd5c5ed6f43ad3f0c41b89eff7694d46d94082832516b,ChainCraft,DAPPS & APPS,,
0x261187889002f755d8e516197931b9f38a826f0c99f6e7136bc8186302dc1b1e,web3radio,DAPPS & APPS,,
0xd77bec3500a1b3e54ead391aeaad9a664f92643beaa8a50d4302bd67ef7949cf,Plebbit,DAPPS & APPS,,
0x2651563802989f9bc6de16ab5a173d5ad755c0a22f14d8916a31eebcf268afdd,Beepo,DAPPS & APPS,,
0xf770c31a9c4eda18ca1db9bb19db2666ae92bbcf8d212d11da6ae271130120e2,DeepDrop,DAPPS & APPS,,
0x85bb0ff17f21531b6276fa3bec18654ec302cdf5a33b6d7b72a98f684e5a1fe9,Decentraclasses,DAPPS & APPS,,
0x65448704f2398e9319fa7da4ebf95b9336bea8f50630d5ce2adc7ed28e25288f,Byte Onchain,DAPPS & APPS,,
0x2f1057fe56bbfce069299a5f08b25a68ca258b07662c590e3a9122fd4bf8998e,VineFinance,DAPPS & APPS,,
0x59add21292d6c822dee542c9c64f45c2d14626e800ab34e2b5779338cbd74d1b,IRONBALL.xyz,DAPPS & APPS,,
0xae22739594e490cb7b044c4be01411a73e0c6b730c8edcf74a897478d06f8f5d,AsteriskDAO,DAPPS & APPS,,
0x0e746fd798da04d3ee071831372a81f18723996b41b48dc342737125460ffac6,Rankify: Meritocratic Autonomous Governance,DAPPS & APPS,,
0x5f3a823202a240075d7589bfdd6081bd7e10e7011de1ba5a2b011dcb9105e074,Fundit.Fun,DAPPS & APPS,,
0x931a64a4f678b30b165b845b8622f729a1cdf2d2a7a4f2221a9ee8ba268f67c4,ArbiLearn,DAPPS & APPS,,
0xba1a48507d1c998eeee6bcac441efbc07538646e87aedfaf5277b9eec78c7323,$EARTH,DAPPS & APPS,,
0xdcc43a7782a75c8d14d62a2ee7d9f7eb2ec0f3281dfd4e9517b30233dc2d42e5,Rahat,DAPPS & APPS,,
0x599ec45186924f2496fc8a26dc827112aa2b62a43bfb25e3b42f869e8b5e300f,The DeSci Journals (version 4),DAPPS & APPS,,
0x5a1d81860efda36bae09cb6cb491c922c0bc878ebada3a566184a27c688f5b81,Open Collective v3: bring your collective on-chain,DAPPS & APPS,,
0x85829ea95d775a7b619d0c39d225afe4f6b84fa10ee980b78b1f2a5aec4e5c43,Spinach - liquid retro funding,DAPPS & APPS,,
0x1eb6bbad0896e16d57cca476cb0a37f0adf1dede385378d8f65224a09bc8fa51,Breadchain Cooperative,DAPPS & APPS,,
0xafa569b3df50c6c51374bf2b214eb7c948cf3dce2a65c3f627bce0a2603cec72,Stogram,DAPPS & APPS,,
0xdbffe6eafcb836ed7fb9b2b0dd8e6dbfef147ab447341cad1ad32b25e5d46b4d,GiveStation,DAPPS & APPS,,
0xe573019b9f23a496663f5944a83c8acdc99792bfc5f5ad603ee8f6cb0f46f9fe,Hydrapad,DAPPS & APPS,,
0x9a9cda60bcd1b566669a6e03d79dcea4be966ebdef25dc9754cbd4170e99c61f,LunCo: Metaverse for Space Engineers,DAPPS & APPS,,
0xe900bcc473a3ed4d8a74a13bde447312e89f9ca4873005daaf76b6534ad8f690,RenAIssance Art,DAPPS & APPS,,
0xe40feca037ad9a22c972a53af3cfabb51b4e46a6e52b46528e94d2c01d1383b4,Flicker Finance,DAPPS & APPS,,
0xc60c26e2662309a7141662f2109f47f4e0fd1823610be25880f6f2d0c37c3d4b,Privatefolio,DAPPS & APPS,,
0x5d0a6878dbad1b32495b9ad7ab8da32819e953c98002587641788e13a3be8891,DeVouch,DAPPS & APPS,,
0xfa16d7d0c1c13c2821d3d94e8bbc9aa7f2c1219d057e1e747ea6db4bc4712fc3,Flow State (Streaming Quadratic Funding),DAPPS & APPS,,
0xa40bea19733bd9fad64d6c9807497041f379c12d93af17a6283e2761e20917ad,Bankless Academy,DAPPS & APPS,,
0xa0d1c54b1f3922ac6e21fb5f3cb157f96ebdfd6001945952f2c2de1e813a6636,SandBlox,DAPPS & APPS,,
0xa73b59fdeceb5e6e1218df3da5dcd2cd01e4fdc2ff52f0a15a0f1afbb2f619bf,nounspace,DAPPS & APPS,,
0xe2ef022ecfa1e3108e45d82a68d66790c89da5742482c3844cd8f7c788952e63,Harvest.art,DAPPS & APPS,,
0x7db138952e569707526b028c218f0ba4d41189f90a97f544b16e7a989e1b0fb1,ggframe,DAPPS & APPS,,
0x4a16bd8a8366c8491b91558d249d192d696702e3037a63238c6acf648b69051e,Toban -√•¬Ω‚Äú√ß‚Ä¢¬™-,DAPPS & APPS,,
0xf56cccf1a784ee92c517c0e28adea9af60dc3739717ec8902d6db92192489f5e,BloomersTV,DAPPS & APPS,,
0x55ca8882dd91df64f677b46d597ea50490be1652c8d41044f5d34bc1258e955b,RealtyHub,DAPPS & APPS,,
0xa8591b322f8e25b13a3b53190920695c48ccd1d8a32657113b90ed6aca1d1841,Smart Disperse,DAPPS & APPS,,
0x233b3b3a4e2e0f114c2fb5412e810d9fcab0138b4b3087f268628a62c5b3e5c0,Web3Privacy Now,DAPPS & APPS,,
0x739d2e516d326d012864d2feee15e552dc48c250331bb04e929a9124c3d904b0,Regen Atlas √∞≈∏≈í¬ç,DAPPS & APPS,,
0x9188b3a42cad446c5df34508271ab52828102e9cc85452b41709e58756dd3847,Collabberry,DAPPS & APPS,,
0x6649852db5092781fa9c7d42577609e9c45480db4c59966639df7f865471b349,Atlantis,DAPPS & APPS,,
0xf97688cfbe25a0db800f876787a2cdec20d48757862573278dfb6fa8b8a1c817,Vanna Finance,DAPPS & APPS,,
0xe3c5497e3073669d3788a015ce9e89fd2ba14028af892c613b7dad8e742d7b46,Gardens √∞≈∏≈í¬±,DAPPS & APPS,,
0x9ec9b1dae5c3a2378c7d40b56ca5a3796cd253b038376e520e2fc4a4ab57ca8e,Omnify Finance,DAPPS & APPS,,
0xc102c4d1950b6c73cd589a79814dd9beac9edc6269103433b6a727d93d57213b,Event Horizon,DAPPS & APPS,,
0x6070e577df16d9e7a99f50e7cb54288f310bdad401f9d87e3ce531da71e32099,Node Speak,DAPPS & APPS,,
0xd6e031d8485b1c9a56e742636178c5fccab387bc01008edf73d0f7e97ff5e2ac,ScoreFront,DAPPS & APPS,,
0x72f5936b332c294b9bb4290f711b885b3ffa254bc740733a7f189995df8c73de,Tao,DAPPS & APPS,,
0xe03eb1aef3e2dc29d5f3549b4faa6327d2606faaee17529ea68e727b675a2036,Creova,DAPPS & APPS,,
0x183f13028588a3e6082d6642b52d4829823720efd1e5bc973856c406f1299b66,Silvi,DAPPS & APPS,,
0x40352ec04033c9d170d9fc69fb712cf742907ff0024961d6c54baddf89d105eb,Txcity,DAPPS & APPS,,
0xeb5ca27a09a560debed6361953771356d20fc3ea765c2fbd23ecf34ab57c0047,NFTPriceFloor,DAPPS & APPS,,
0xeff81a9b1ca1db940b74d9b8876c8d8cd62f69f0f1263c28399f4a0120cacf56,Harmonica: AI-powered facilitation of group sensemaking,DAPPS & APPS,,
0xdce9247fb94e7db0ec152d6c7e6db5db7ba3d8bcfc0874694ac3c41a86c48a27,Public Nouns Operations,DAPPS & APPS,,
0x4baeb225e52cabb4235d50429348969aff5da3370235a2c87f6b956b8e33b3c5,Pond,DAPPS & APPS,,
0xfd3c441151a0267402323d878d8d1c37def65e0948e1d7e292cc7aea2d92818c,Grant Ships,DAPPS & APPS,,
0xd993e71328794455c2370f9e7731083cffd518a86ed5333cddceeaa346274fca,DappLearning Rewards,DAPPS & APPS,,
0x841558f763a17a51f7e6f50071541b609c5396208c570da10ef11b1349055eaf,Follow the Black Hare,DAPPS & APPS,,
0x04eceede743d19c498a90952e9903e9ee46f3dc77766bcc85d1eb9b3e7ce7a5e,Unitap,DAPPS & APPS,,
0x50e981de1e62aaa755ff0046cbd6befac3a296595ecda10f847c143ed6f2543f,Using ZK for game optimization in Dark Forest,DAPPS & APPS,,
0xe234dbf1ff2a7166c26bc5c00efe53dc9c53387fb76da35fe2d7da4ec78c9783,SpeedRun Ethereum,DAPPS & APPS,,
0xa8b46215a7052f1038521abe875eec9f53017a5237bfbd4d768350853e9bb300,SafeNotes,DAPPS & APPS,,
0x55dfe0702ebe483a82fb6fa15ca3f6bccd16839acb4c53380abb1fb92c500f19,CampusatQR,DAPPS & APPS,,
0x5292ddf8854afaefc8d9fc16b620483f263b34506832f09ef76a9e03468ebad3,SignalMind: A Public Cognitive Tool,DAPPS & APPS,,
0xf962fb7679660f96e137e9ae12b0962bf6079d40ff18befecf9246ab2111bc30,Bloom Network,DAPPS & APPS,,
0x0ef8265983dc88987f5fc276db1094103d7b99a686bd50087feb48553998464e,Unlock Protocol,DAPPS & APPS,,
0x668333acfdfa16a6a9cac31af60d933bf92f70426a7e9ed6f7d7b8f1c2113b1b,Ecosystem Vision,DAPPS & APPS,,
0xa69971a1d0e5b72ec73d6504b6a67ed620f837dd10ec9aaeda1d5847d29cf272,WebHash,DAPPS & APPS,,
0xa87f5348653ff983aab7e9fcaf3aa8164780b06087734949d751bc197b8b24ba,Zazelenimo,DAPPS & APPS,,
0xacfb69c6e3b27580e84fccd12f4913d04e16c1b972f8d3b73dd0811a8d1751aa,r/acc,DAPPS & APPS,,
0x62f25a11c2ae5a2af563cc5b1f772b3aebe1bd4a0a82e41a78e61e1db972ad7e,GainForest,DAPPS & APPS,,
0x60269bb8fe720deda28337a4384853608f5ad7ad83d58164de4faa6284ee0b7e,Project Merlin DAO,DAPPS & APPS,,
0x32904b351f232304f2e7816aca7d7a355f58beed975b6a2d3f09fece0847d20f,eth.cd: decentralised interaction with decentralized identities (ENS).,DAPPS & APPS,,
0x3c24142776b074f3c4fb7d9bb3155005f38cfb11b836e919bf27966c9ecb0c90,Utopia √¢‚Ç¨‚Äú Collaborative Maps for Real-Life Impact,DAPPS & APPS,,
0xa5d7f0345728521da82602774d3efcc5eaef0556ecbd1d4735dee12e12ea91ff,AppLenz,DAPPS & APPS,,
0xca816d860380ff939d916b88f830139d8142e57243589c559161fbf04b8f554f,OpenOrderBook,DAPPS & APPS,,
0xc1a8caeda795eccdf4316df7ea34775e6391dfb0bc7061c1739446c2022acbc6,Inject AI,DAPPS & APPS,,
0x9b1473ae738652de621eb5a194a82cebce9e80b945ec993871808cb3fe1cc53c,Nightly √∞≈∏¬¶‚Ä∞,DAPPS & APPS,,
0x0a20445056c91be20dac69d794c92f57e0eb88ad54f2ef4106d7026bc4c6fdc1,UpStore√∞≈∏‚Ä∫¬°√Ø¬∏¬è,DAPPS & APPS,,
0x0b65fc24c0ebe9508268f2858d50ec4600e6496af44b458deb7c8142db75d26f,Liker Land - decentralized ebookstore,DAPPS & APPS,,
0xde37d529db2263b50645fb2b787e7cccaae21e54277e132cd36aa1b47f848ed7,Regen Eliza on ARB,DAPPS & APPS,,
0x8f740037a18645af9890aa8f0a70b50ac2a41f603cac518210af440beca6808b,OpenLitterMap: Real-Time In-World Open Source Gamification System,DAPPS & APPS,,
0x370f4bde94273ecff1215d723021ff5374c4ca4b92ceadbaf21166d4163ee732,Etherplay Open Source Game Studio,DAPPS & APPS,,
0xdcee75dfe2ab53f2050228e6870f174b3dc6d5a6c0b661640edeabc7c8a35cf4,Web3 Certifier,DAPPS & APPS,,
0x53c004c04e96f375f4ff0dc8616c9d956138415c0299b77d58eac38a3ae4ee6e,Metakraft,DAPPS & APPS,,
0x73acad35018d0e597df1ae091cbb08fe1917d287346298ae3b2952e737fd0ffe,The Decent Jukebox,DAPPS & APPS,,
0x3563fb1fa42e2b5732a86d015ff3990d0714db3e402bc080ae3183dc134e1f43,Remus - Fully Onchain CLOB Dex,DAPPS & APPS,,
0x06ad6c10167e7feb66e1699a7c1887e9a75505a98289afa40e4a49f7ccb6cf6e,Sweetspot by Handprotocol,DAPPS & APPS,,
0x934e6136999df52189cab3723277edddf0d09b2d9b50253b184dd17fc26f6e39,SONGS | Next generation layer for the music industry,DAPPS & APPS,,
0xa26947c84eca0f2623ea98855bed3860478aa2a7c1e89a309189d46d3600fd3b,poster.fun,DAPPS & APPS,,
0x7af48f1f1acdc33c9337943ad37efab210fda912cf8806714e28de883a3cb41a,Closer - Digital access to co-owned villages,DAPPS & APPS,,
0x271d16ec14433ccff66237a1d6d35a866174139e14112122da6e2f66b39d5acc,CharmVerse,DAPPS & APPS,,
0xf97f803c1bc6595c87c9edf48055690362d758410685f8b5ef5ed720ceead61b,Scout Game,DAPPS & APPS,,
0x31e242a4e85e6d033f63dc6d2d97ae6245bc1a50e5560266c23ad3a1d5608a63,CARBON Copy,DAPPS & APPS,,
0xd4c3c82600252c64f47e6f4505f58bf691c42277aa2548748426e4d1bcf4b15c,TxInfo.xyz,DAPPS & APPS,,
0x70ec19d8b5543efb161d8b62569af5afc36b4898a8865c1fdc4acc3358b01772,Plankton √¢‚Ç¨‚Äú Ocean of SCAMs,DAPPS & APPS,,
0xde56659bf150be86cdc0caea3cf718b7029085b5820447e54f0577f9276e5b81,Dapp Rank,DAPPS & APPS,,
0xed9aa0c80cde16fbfb4f987e8c9f06d30c9ceb7b859fbd9117fe9fad845127b8,Zuitzerland,DAPPS & APPS,,
0x5a35dc4ee0fd8cf69eb9f227b626c0c093c3efc5a6f1b518a3792d5e8b721860,√É‚Ä†RTH - Planetary AI,DAPPS & APPS,,
0x296957fd5e894de1e000f06619452df4e226c24d772687856613d9bff4dc7acd,Digimercados DApp on ARB,DAPPS & APPS,,
0x9d8a7504b0b9f0f0cb9284796a85fdc8164164117e22f1cd087f252c3ae993c1,rolod0x,DAPPS & APPS,,
0xc3284ecbb151a1f916f63923ab5f6521abc0519e51c2549c20dfafe9375705f3,Ethereum Daily,DAPPS & APPS,,
0x7695119411aca70de8e0db8898d230fef1b287bcf29fcda51f2a49dcf1c50b9e,Have I Been Rekt?,DAPPS & APPS,,
0x47a93a3ee50628003c7b572bcc975f6463391020e302b4a03d92463617755b27,Regen Bazaar,DAPPS & APPS,,
0xa375fb7a3d3ea99add667172a80dcb82e367eb1aa6fad4da964713184b82b9f3,D√É¬°diva,DAPPS & APPS,,
0xf1bd30c859b2f0effeed2b6728a4071f294368614de748404fedd2cf3c68a1b1,All Weather Protocol,DAPPS & APPS,,
0xd4d3ca125f724ca79fd4de4852dc183a1435dcf22912a9cbd219a7b0aab7c6d6,NFT.Storage,DAPPS & APPS,,
0x2e73afdfffe577d8619f9d699f43a2e9bb6e91ed00ecd660998fe0508f6b6f0f,ZK Vibes,DAPPS & APPS,,
0x15524d92e001464560374928cc41ddc573d4c1975b234d880a99441ddaa76dbd,zkCodex,DAPPS & APPS,,
0xedff41531fa841bfa0bed54f91d3a88605f3cd84f56094924f349d60222ce507,AFK - Aligned Fam Kernel,DAPPS & APPS,,
0xf005b97d564d218966cb1973c2a28f27ee8ff71777edff331a497a19ac15e16e,xcrwd,DAPPS & APPS,,
0xaa3e627825e494e5c83ac110a2e3ba7b377b33cb4cd1cd90f1528816f5c68765,Everest Mobility,DAPPS & APPS,,
0x8636eeeb1f17504d85d24237b621cf43cbcce8d97e6fbcdc4b2b382bdee2cad6,Impersonator,DAPPS & APPS,,
0x6d99b01618dc3f80cbd2c2f086fb78340d7d6dd944e62acfd5b276a2af23c976,Noblocks,DAPPS & APPS,,
0x418bb26c9ed09ecdc258a32561f8740277d0d0e394fc3858283bf2581e0564dd,Crypto Guide,DAPPS & APPS,,
0xaa57a0d98bf7bb5a2c13847638b14417f9d35ad84a320596d6ea48c1fd5556ac,Chainzpay,DAPPS & APPS,,
0xfab800c58cd4fc029d096a0a78bacdc44f6c44d20fe56c565db60c80fc01b81a,Tessium,DAPPS & APPS,,
0xd089724cd73c932413bce5c797aee7d2fbcd1ad282f24cff790977e77908fdca,Treegens DAO√∞≈∏≈í¬≥,DAPPS & APPS,,
0x90e3363341cf14eb5e5c29627f4a8fb62933ef9834e8ca33027af2aeb8323ea0,Ether Guild,DAPPS & APPS,,
0xe7a4b12065345225c76308d0f7b267fe7628904e0a3f60f252e6f94cba6e37c2,Helpers Foundation Web3 Impact Project,DAPPS & APPS,,
0x04ab372485d7230970a802702561eef7427eea13883960bd2812040b0bad0f2a,Cosmic Capsule: Blockchain-Powered Digital Time Capsules,DAPPS & APPS,,
0x6a94cd9f978dd077f96eb4fa87b83dcb70d222584ba4beb348fbd80a05c39b07,MemeCatLandar - AI Meme Calendar,DAPPS & APPS,,
0x4520f6b610af56dd9fb1aa85b560c5d460412285032dfbb90a47656ebc08d0b1,Kolektivo Network,DAPPS & APPS,,
0xb30e9a03fe9391b289331bc8d4f3ad6aa31db301447025f92b8275bc88d447f9,VoiceDeck: A Marketplace for Impact Certificates,DAPPS & APPS,,
0xd26cfedc5defecbe0e514052361820790593db1544124cc351fc68a8dafe1ed1,Sacred Protocol,DAPPS & APPS,,
0x422d223530a73bd3855bdb50669faa5ab5501c17936e6a2f3cafb709813e3494,Animal Social Club,DAPPS & APPS,,
0x2de43b20bdeac1e2d4411fb6a90c8cca2abb79a517bbde30f45763bfa846a35b,ALTERNUN,DAPPS & APPS,,
0xb157eff864d49ee0f3650afcc85d037fb59234e9eccf000db479a2c82aac31bd,Sponsors √∞≈∏¬´¬∂√∞≈∏¬è¬Ω,DAPPS & APPS,,
0xed68ccbdcf059e3d646d0c6aee3b714fbf50030f02cac261e33451b9fc74815f,Codingsh Open Source Developer,DAPPS & APPS,,
0xc58063d70053f30766c3883f041d29bfe92aaccb12218d15d58e3953024aff8e,Open Source Collective,DAPPS & APPS,,
0x2b62d6a85cee3490ffe65bf46e92cdae0cfe8b18a2f17d4184b08bd0469f0922,Plants And Pillars,DAPPS & APPS,,
0x989fe49d7f0fa0debe8127684d23de627abf70861ad4cd9850a7f0c7a11d9a67,GoRevoke,DAPPS & APPS,,
0xe803a0adb8458416228b48b035e3d18b18c00e8f0714379245649e0986354ce4,Ethring,DAPPS & APPS,,
0xb0afbf6ee7d24490064e25f7dece64b6b3a456f5c84d3eea8c034afdc3d0608a,Ethereum Cat Herders,DAPPS & APPS,,
0x82065b1ab5c0dd7ed2c8aa484ab46405d98a39f2ff18448aa9db1f65ffe704f8,Doogly,DAPPS & APPS,,
0xdc12f02d7f371b45e80142d9d64687d8857653398ca7dc0354c5a179b182dab5,Learn through games,DAPPS & APPS,,
0x706bc44d0c033d10c977ac4a6193e7838b8a795ea0d62cdb8eb0aedb5feaa70c,Karma GAP,DAPPS & APPS,,
0xfb5966e66536dceb70d9155ffa266855110a7001723c5887fb2fa9f4aeee5919,paynet,DAPPS & APPS,,
0x1f968f0366be7bd577843addba6d7e72a56cdbc4f75e0f7ccfaaeaf00ef60d35,Hyperstaker,DAPPS & APPS,,
0xc255bd4a7e7b6d0bd6dc24a086298353d3db49343459c0c416449207a3795783,Trustless On-chain Autonomous Delegate (TOAD),DAPPS & APPS,,
0xbc987f75fde568bcbedd691aea74acbf6aa3992077e8fd42f735a17298bf3cf7,Geist,DAPPS & APPS,,
0x8f24a98db71f3cae2fb933ac27dbec187ebff585c36f21b4171e0aedc492c29d,JoyNet,DAPPS & APPS,,
0xbc788bdad58d5e48cd81b779f9c774c00edd61fb04fe85cd0c3c98d6ea685675,PlayFriends,DAPPS & APPS,,
0xafd68b3df3e20c77412b74f0650e6078d9aa7876b7f78bc9342e89db471a2869,Akashic,DAPPS & APPS,,
0x7d858c047077e7699dbf9e2593c928fee0ad5a6397adc7c094e287fa0c33d1cf,√∞≈∏≈í¬ª Sunflower EcoTech √∞≈∏≈í¬ª,DAPPS & APPS,,
0xff0d19a8d41e62428e35da3007ed6659a53edb0fbdaebda99ab1543bc048a7f8,GrantsScope - Grantee Discovery Using LLMs,DAPPS & APPS,,
0x497a5f68d83ded024cb0ebe600e0f508e0d5798d1ab8fb131f5321a91db1e889,Register MAXi,DAPPS & APPS,,
0x318217a9a5982e50c428252fd5ef8e77cb9b3bfd7706ea8c7476b42e2a2baaca,ArbiX,DAPPS & APPS,,
0x10419179fb9a6002b61fe6db8637bb4e43e579960a16ac298ec7aeef74d783aa,Pollination Station,DAPPS & APPS,,
0xe728c3a26d5154476ce35ffdfd47afab7307da93e1ba0194feab18db8efd8138,Semicolon Fingers,DAPPS & APPS,,
0x216cc27aa429f7f75f91798ebe674d61f95c17ac3ba832b87f1f5202144db72d,Ancient Beast,DAPPS & APPS,,
0x5392326450ab92f263ce23af5fe0e136e6f2a04efe80e3b669d10bb3581b9e50,Yap Bay: P2P Stablecoin Remittances for the Global South,DAPPS & APPS,,
0x81f132f2b8ef92b6f9c706b968c8e71b8175c4543dd962b20664476ca292f675,Hybrid AI,DAPPS & APPS,,
0x68fd0ec0d2e8de4f84960fde41c25ff504ed4764b968b94adcd4cdca9b671195,OnboardAI,DAPPS & APPS,,
0x37c6ed16080af764df00450c4857e0d0302f9b3a4be55c430682082703966f5e,Commit,DAPPS & APPS,,
0x7c07e72e84215598739e0749e25587278a22f7ef565cd019677c9237a965fedd,Distributed Press - Archive Automator,DAPPS & APPS,,
0x4f354435756ee1c1ea18402a559874cd2bb918ad795b7e361e1257425e57a7de,Greenpill Dev Guild,DAPPS & APPS,,
0xffaf639c80ff9cf85cd76977d0c55e07c929eb7c5480d900c82e1da8465c342e,PrivID,DAPPS & APPS,,
0xf6ca477601999615ed9158b0e75f165016b54d42fdf2741f26c772774492716d,What AI Bot,DAPPS & APPS,,
0x0f7b32feb567e9253913d6be37e69d2867b20033f199ecf57022eb17745c9a56,EAS Attestation Explorer,DAPPS & APPS,,
0x9c63882d17d281e74a086bbb834241300e3e5458ff4e44e59a2b3a6e12cdfe8c,The Ethernaut,DAPPS & APPS,,
0x57a057ee120b26cea127ff7e335a8f857dddf13d694be376adf7a6daf8753c13,April,DAPPS & APPS,,
0x4e429c3a9438efc8b82379d9c30116227af83ab9f76c3fec548519dd6d7dc98f,ETH Daily,DAPPS & APPS,,
0x06224f6abfb24126ec2ac1946d84f03ed28cfc62aa4a6e627d874ee811ac6953,AlchemAI3,DAPPS & APPS,,
0x13e96caa67a328f813ccb70ae0250da6c5314b819cee8bb917c6022a55f4bfef,Blockenthu,DAPPS & APPS,,
0x61a0738033c9247b1236c3d0ee1cc3a098e114d8292394c57b4083ef78ab8278,Cubid Protocol,DAPPS & APPS,,
0xcebab1a84662472fb39bba11ff4c22ba17a66644a1c3dd8103444bff6be5a96a,STARDUST,DAPPS & APPS,,
0x36d3ba3b788398eaa3b833ebc3d707079395657e460bc29ec1b552d4bb2016a3,Optimystics Toolkit,DAPPS & APPS,,
0xdcc73b34eb197396c8493ba874c244e58e55bd641cb2bbe3855eb41e3ff100b8,The Dharma Code,DAPPS & APPS,,
0x04f949b4b358adc1a89ab3d4179110fc57a095923dbee573cc7f6502c0a5144f,Dash Mon[k]ey,DAPPS & APPS,,
0x4858e0d4adce13099b9cbe25bced4c9bcc90f063dcd70a2f6f7cda15f1177687,revoke-cash,MATURE BUILDERS,revoke-cash,
,heyxyz,MATURE BUILDERS,https://explorer.gitcoin.co/#/round/42161/608/6?utm_source=hey.xyz,"This round has ended. Thank you for your support!
Explorer Home
GG22 OSS - dApps and Apps
Project Details
Project Banner
Project Logo
$16875.04
funding received in current round
8679
contributors
5 months
Round ended
View history
Hey.xyz (formerly Lenster)
hey.xyz
Created on: January 7th, 2023
https://hey.xyz
heydotxyz
Verified
heyxyz
Verified
bigint
About

Hey is a decentralized and permissionless social media app built with Lens Protocol üåø

Hey lives in the Polygon network, so users can interact with dApp seamlessly with zero gas fees. No one can take down any content from the app, even the admins. Hey is powered by Lens Protocol, a decentralized social graph built by Aave companies üëª

The Problems with existing social media

There are a lot of social media platforms out there, and we should agree they provided us great service, but also we should agree there are a lot of problems still persists.

‚Ä¢ Personal Information: We need to give a lot of personal information not needed for the platform or useful for consumers.

‚Ä¢ Privacy: There is no privacy on the existing platforms. All the data we give are sold for advertisements, and 1000s of mods and admins monitor all our posts and chats.

‚Ä¢ Spam: Current model creates tons of spam against the user. Because spamming is free, you don't need to pay money to spam.

‚Ä¢ Downtime: The app we use right now is prone to downtime because a single company with limited servers hosts that.

The Problems Hey Solves

‚Ä¢ Personal Information: You don't provide any personal information except your username (it's your choice) and wallet address, and we don't collect any sensitive information, and it's difficult to store those in Smart contracts.

‚Ä¢ Privacy: Hey or the Lens team doesn't have access to remove your posts, everything you post is public, and you are responsible for it.

‚Ä¢ Spam: In Hey, you must sign for everything or by the relay. That's the nature of the Blockchain; no one wants to sign their identity for spamming

‚Ä¢ Downtime: Hey is hosted in a decentralized chain and decentralized file storage system IPFS. This means there will be 0 downtimes, and no one can DDoS the platform.

Features

‚Ä¢ üë• Create user profiles

‚Ä¢ üå† Create posts

‚Ä¢ üí¨ Comment on a post

‚Ä¢ ü™û Mirror (sharing) posts

‚Ä¢ üîñ Bookmark posts

‚Ä¢ üîê Token gated publications

‚Ä¢ üí∞ Create crowdfunds

‚Ä¢ üë• Create communities

‚Ä¢ ‚ûï Follow profiles

‚Ä¢ üé® Publish NFTs

‚Ä¢ üèû Collect NFTs

‚Ä¢ üîî Notifications

‚Ä¢ üíå E2E encrypted DMs

‚Ä¢ üöÄ Launch a DAO from the profile follow NFTs

‚Ä¢ üèòÔ∏è Communities (WIP)

‚Ä¢ üé§ Spaces (WIP)

Why Grants?

‚Ä¢ We want to make the app more accessible without paying any gas. The grant will help us to recharge our relayer address.

‚Ä¢ We are looking for front-end developers to develop the dApp and make it more usable.

‚Ä¢ We are looking for mobile app developers to develop and ship Hey iOS and Android apps.

‚Ä¢ We are looking for QA engineers to ensure our dApp doesn't break in the middle.

Tech Stack

‚Ä¢ Next.js as a frontend framework

‚Ä¢ TailwindCSS for design

‚Ä¢ Lens's official Indexers for API

‚Ä¢ Polygon for on-chain storage

‚Ä¢ Arweave for file and metadata storage

‚Ä¢ IPFS for file and media storage

Twitter: https://twitter.com/heydotxyz

Discord: https://hey.xyz/discord"
,defi-llama,MATURE BUILDERS,https://defillama.com/about,"About
About DeFiLlama

DefiLlama is the largest TVL aggregator for DeFi (Decentralized Finance). Our data is fully open-source and maintained by a team of passionate individuals and contributors from hundreds of protocols.

Our focus is on accurate data and transparent methodology.
Stats

We track:

    5521 protocols
    373 chains
    18817 pools
    Revenue for 851 protocols
    Volume for 720 DEXs

Contact

The best way to contact us and the one in which you'll get a reply the fastest is through our Discord. If you want communication to be private you can use Twitter as a slower alternative, or, as an even slower option, you can also contact us by email at 0xngmi@llama.fi or contact@llama-corp.com.

For questions around product, methodology, data... You'll get much faster responses by using our priority support, available here after subscribing

DeFiLlama is a part of Llama Corp.

Llama Corp is a collective building out the decentralized future with data analytics, infrastructure, payments, cross-chain and media solutions used by more than 10M monthly users.
Acknowledgements

Thanks to Allium for their indexer service."
0x38bf4d301073905d6847ddd0144eb16e80391e77886cdc1401893aec5d7e21d4,idriss-crypto,MATURE BUILDERS,idriss-crypto,
0x199fbad2a96c0358f0522507643a736c390bed4dcbd1cbbf1341fab277fdc062,poapin-glory-lab,MATURE BUILDERS,poapin-glory-lab,
0x9120a19b54a46e5bc7e814ca29762677c908e9eeb7fb1037750ab6be9b55d0c7,l2beat,MATURE BUILDERS,l2beat,
0xca5797a71ca6f849ba9c366972d47c01061949d5cdf7fa61e20a229e035d877b,rotki,MATURE BUILDERS,rotki,
,hypercerts,MATURE BUILDERS,hypercerts,"
$37,054.65 crowdfunded from 2726 people
$4,493.37 received from matching pools
https://hypercerts.org
hypercerts
holkeb (user)
hypercerts-org (project)
83%
average score over 2 application evaluations
Developing semi-fungible tokens (hypercerts) to track, certify, and reward impactful work in a transparent, interconnected funding ecosystem for public goods.

    The Hypercerts Foundation pioneers open-source protocols to transparently fund and reward positive impact. Hypercerts are the web3 standard to account for impactful work, tracking financial and non-financial contributions.

Where are we headed

Imagine a world where positive impact was one of the most highly valued creations in our society; where entrepreneurs who pursued high-uncertainty, high-upside moonshots to radically improve society were rewarded directly for that impact; where becoming a patron of impactful causes was something people aspired to and displayed proudly; and where the methods used to evaluate impact were credible, transparent, and independently verifiable.

That world might seem a distance away, but it‚Äôs one we can build towards. Specifically we‚Äôd like to see more impact markets, retroactive funding and innovation in the way we fund public goods. In order for this to occur, we need protocols to track and fund impact.
What are hypercerts?

A single hypercert is a semi-fungible token that accounts for work that‚Äôs intended to be impactful, and whose ownership can be fractionalized and even transferred under specific conditions. Each hypercert represents a unique impact claim capturing the following basic information:

    Who: Set of contributors
    What: Scope of work
    When: Time of work

Avoiding silos ‚Äì interconnected funding system

As an extension of ERC 1155 semi-fungible tokens, hypercerts create a single, open, shared, and decentralized database for funding mechanisms. This database avoids the creation of new funding silos, as hypercerts can be integrated into any existing funding platform, thereby creating an interconnected funding ecosystem.
Selling impact ‚Äì moving beyond donation

While hypercerts may be useful for any funding mechanism, they‚Äôre particularly valuable for retroactive funding as they provide baseline invariant guarantees that impact claims will not be forgotten. Projects create and sell impact, building financially sustainable and scalable revenue models. With hypercerts, we move beyond donations.
Certifying impact ‚Äì open evaluation system

Certifying impact is a process, and it should be an open and dynamic one. Hence, with hypercerts we create the foundation for an open evaluation system for credible and transparent impact assessment. Every hypercert can receive multiple evaluations from different evaluators using a variety of methodologies. This creates incentives to innovate evaluation methodologies and builds trust.
Where do we go from here

Looking ahead, we aim to expand to more chains, enable evaluations with existing and new tools, enhance visualization with hyperboards, create marketplace tools, and collaborate for broader integration. With your support and a growing network, we're building a transparent interconnected funding ecosystem for positive impact.
The work so far

    We released our whitepaper (draft): https://hypercerts.org/docs/whitepaper/whitepaper-intro
    We have build the core protocol and released it on Goerli Testnet and Optimism
    We have created a frontend for anyone to create hypercerts ‚Äì available at https://www.hypercerts.org/
    We have build an SDK for anyone to build on top of the protocol: https://www.npmjs.com/package/@hypercerts-org/sdk
    We have piloted hypercerts with the last three Gitcoin Rounds (Alpha, Beta, GR18) to show how they can be integrated into funding platforms ‚Äì you can read more about it here: https://go.gitcoin.co/blog/hypercerts-for-public-goods-funding
    We have piloted hypercerts with the pop-up city Zuzalu, retroactively raising more than 21 ETH: https://zuzalu.hypercerts.org/
    We have created hyperboards to visualize the contributions from multiple hypercerts to a project and piloted this with the conference series Funding the Commons
    We have a core community (TG group: https://t.me/+YF9AYb6zCv1mNDJi) with many projects and platforms exploring how to use hypercerts, e.g. Greenpill+Hypercerts+Gitcoin (https://gov.gitcoin.co/t/better-impact-funding-the-greenpill-hypercerts-gitcoin-combo-move/16477), Gainforest (https://gainforest.earth/), da0/g0v Hypercerts Studio (Taiwan) (https://da0.g0v.tw/), Momus.eth & gitcoinreviews.co: Evaluation platform (https://gov.gitcoin.co/t/reviewing-gitcoin-grantee-impact-momus-eth-gitcoinreviews-co/15215), Longevity prize (https://www.longevityprize.com/)

The work ahead

    Release the core protocol on additional EVM-compatible chains
    Enable attestation, evaluations and supplementary information using existing tools like the Ethereum Attestation Service
    Build out hyperboards, such that any project and event can create them
    Create marketplace tools to sell and transfer hypercerts and add to SDK
    Cooperate with funding platforms and projects to integrate hypercerts and build new applications like prize competitions with hypercerts

Testimonials

Juan Benet (founder and CEO of Protocol Labs):

    We are proud to be an early supporter of the Hypercerts Foundation, which will bring even greater focus and resources to this important area of innovation. The Hypercerts Foundation is helping build a more transparent and interoperable environment for funding public goods. We are excited to contribute to its mission in any way we can.

Kevin Owocki:

    This is an exciting moment for the Hypercerts Foundation and for the future of impact funding. We are committed to advancing the development of decentralized protocols and novel coordination mechanisms.

See the announcement of the Hypercerts Foundation
Hypercerts Foundation History

    accepted into Web3 Open Source Software 1 year ago. 2726 people contributed $35,107 to the project, and $4,493 of match funding was provided.
    accepted into Web3 Community and Education 1 year ago.

People donating to Hypercerts Foundation, also donated to
Web3Dev.Community
Non-profit developer community focused on web3 collaborative learning, hosting regular meetups, talks, and networking events in Asia, with a treasury bootstrapped by hackathon winnings and operating under a donation model.
Ethereum Attestation Service (EAS)
EAS is an open-source, permissionless service for creating onchain/offchain attestations, aiding in trust verification with smart contracts, development tools, and community use cases like Gitcoin Passport.
LunarDAO
LunarDAO promotes privacy and anonymity through investment in lunarpunk projects and infrastructure, advocating for autonomy and education in opposition to centralized control, aiming to create a self-reliant, resilient counter-economy.
Landia
Web3 climate project supports indigenous communities in the Global South through education, fundraising, and the development of regenerative practices to enhance biodiversity, sovereignty, and climate resilience.
Umbra
Umbra enables private payments on Ethereum and Layer 2s through stealth addresses, allowing transactions without revealing the receiver's identity, and has processed over $500M across 270,000 payments."
,giveth,MATURE BUILDERS,giveth,"Giveth empowers changemakers to accept crypto donations.

Join our community-driven movement to transform the way we fund nonprofits and social causes using innovative crypto fundraising strategies.
EXPLORE PROJECTS
Our Mission
intro-banner
Verified Projects
Trust that your crypto donations will make an impact with our verification system.
Donor Rewards
Get rewarded for giving to GIVbacks eligible projects with crypto donations.
Easy Onboarding
New to crypto fundraising? It‚Äôs easy to get started on Giveth.      Philanthropy needs more innovation.   Projects on Giveth
6,348   What is Giveth?   Earn Rewards
The first step to empowering donors on Giveth.
Donate to GIVbacks eligible projects and get GIV - a token that grants you access to our community as a voting member, as well as opportunities to earn additional rewards.
Discover what makes Giveth different from other crypto donation platforms
Donated to projects
~$4,542,104
# of givers
22,136


What if donating were mutually beneficial, and nonprofits could evolve their fundraising to maximize impact?

Giveth is building a new way forward with our zero-fee crypto donation, community-driven donation platform - leveraging the power of blockchain technology to connect on-the-ground projects with regenerative funding opportunities   Elevate Projects
An impactful game connecting donors and projects.
Use your GIV to influence which projects are most visible on the platform and the most rewarding to future donors! It makes giving fun, and empowers you to ‚Äúboost‚Äù high-quality projects to the next level of funding support.
GIVpower
Enable Change
An evolution in supporting donations to charity with community fundraising.
Your crypto donations, and participation in the GIVeconomy, enables us to build a new future where real world impact projects benefit from their own community-driven regenerative crypto economies."
,ethstaker,MATURE BUILDERS,ethstaker,"What is EthStaker?

""Welcoming first, knowledgeable second""

EthStaker is a community of 50,000+ members providing guidance, education, support, and resources for existing and potential stakers. EthStaker‚Äôs principle goal is to maximize decentralization of the Ethereum network.
Resources
Knowledge Base
Guides
Hardware
Software
MEV Relays
Checkpoints
Jobs
Smoothing Pools
Incidents
Tax Tools
Airdrops
Staking Is for Everyone
A decentralized Ethereum starts with you

Solo staking is a great way to not only improve Ethereum, but also to generate low-risk yield on your ETH. While solo staking is the gold standard, there's a variety of other options that each have their own requirements, risks, and considerations.

Earn ETH yield

Secure the network

Boost decentralization

Non-custodial
Educational Events
Join our livestreams

We host educational streams for discussing protocol and client upgrades, validator workshops, and special ecosystem events to keep you informed!
Latest Posts
post image
Now Open: 2025 Staking Landscape Survey
Mar 21, 2025

The 2025 Staking Landscape Survey from EthStaker is now open! Fill it out here. The survey collects a snapshot of the staking landscape and...
post image
Ethereum Solo Staker List Handover to EthStaker
Feb 14, 2025

EthStaker is proud to announce that we will be taking over maintenance of Rated's solo staker list. We believe identifying solo stakers is i...
post image
Staking Bandwidth Survey - Fall 2024
Dec 14, 2024

Ethereum solo stakers were surveyed (n=125) for a sentiment check about their experiences with node bandwidth capacity, usage, monitoring, a..     EthStaker
https://ethstaker.cc
Created on: April 4th, 2024
ethstaker
Verified
eth-educators
Verified
LamboshiNakaghini
About

EthStaker is a community of 50,000+ members providing guidance, education, support, and resources for existing and potential stakers. EthStaker‚Äôs principle goal is to maximize decentralization of the Ethereum network.    All-time stats
$9908
funding received
4763
contributions
4675
unique contributors
3
rounds participated
         "
,fundingthecommons,MATURE BUILDERS,fundingthecommons,"
$1,562.59 crowdfunded from 148 people
$1,818.11 received from matching pools
https://fundingthecommons.io/
fundingcommons
davidacasey (user)
fundingthecommons (project)
31%
average score over 2 application evaluations
Initiative focused on fostering a community and ecosystem for funding public goods across different sectors, through events, partnerships, and integrating funding platforms.

Funding the Commons (FtC) originated as an event series aiming to cultivate a public goods community spanning across the spectrum, including Web2, Web3, research, philanthropy, government, and industry.

Its primary focus is the fostering of innovative public goods funding mechanisms. By leveraging the FtC community, brand, events, extensive resources from key partners, and a growing builder community, the organization aims to establish a sustainable PGF ecosystem, and shape the discourse around public goods funding. This involves integrating existing public goods funding platforms to build a cohesive infrastructure, allocating resources effectively, and incubating innovative projects.

Our current focus is to bootstrap a virtuous cycle of builders creating and integrating public goods funding infrastructure, and leveraging that infrastructure, in addition to the infrastructure of leading PGF protocols, to fund the next wave of builders.
Funding the Commons History

    accepted into Zuzalu Q1-Events Round 1 year ago.
    accepted into Web3 Community and Education 1 year ago. 148 people contributed $1,563 to the project, and $1,818 of match funding was provided.

People donating to Funding the Commons, also donated to
BlocktrendÔºàÂçÄÂ°äÂã¢Ôºâ
Taiwan-based Blocktrend simplifies Web3 and blockchain concepts through original articles and podcasts, offering insights with a unique Taiwanese perspective and gaining recognition as a trusted source for newcomers.
Astro HsuÔºàË®±ÊòéÊÅ©Ôºâ
Taiwanese graduate created ""Blocktrend,"" a simplified Web3 media platform, taught blockchain at universities, delivered TEDx talks, and wrote as a Bitcoin top writer.
1c4m3by ScamHunt
Bot swiftly identifies and reports scam websites, integrating with security extensions, with a track record of over 10,000 users protected and 15,000 scam sites blacklisted, providing real-time protection.
BYOC
Annual project facilitating a month of co-created learning and community-building for builders, founders, and remote workers in culturally rich locations, aiming for expansion in Brazil in 2024.
The Archipelago in Thailand Scouting
Support a coordinator introducing groups to potential venues and local partners for a confederation of co-living/coworking pop-up cities in Chiang Mai, fostering a network advancing humanity through technology, health, and social innovation."
0xf5dbc005bb82012a9c3dbe56bd25e5aff7c17a70ea95a4497a5da3e5ae459118,tapexyz,MATURE BUILDERS,tapexyz,
0x76eac026a55c7e0e192d542cfff232b963eb48bb2f17e9f7cd7423b6b4b82374,ethereum-attestation-service,MATURE BUILDERS,ethereum-attestation-service,
,dappnode,MATURE BUILDERS,dappnode,"
Dappnode
Shop
Products
Learning
Working with us
The easiest way to power Web3

Now anyone can run decentralized networks like Ethereum and Bitcoin and earn rewards. Zero hassle, it just works.
People Power Web3

Individuals power Web3

Web3 networks like Ethereum are decentralized because people all over the world run software that powers it on computers in their homes.

Web3 networks reward them

Networks like Ethereum, Gnosis Chain and Avalanche reward people who install their validator app, which helps to run the network.

Dappnode makes it easy

Dappnode takes care of the technical stuff so anyone can play a role in creating an open, equitable internet and access the rewards that are offered in return.
Choose your path

Dappnode

Home

The plug-n-play way.

Home is an all-in-one magic machine powered by Dappnode Core. The easiest way for you to get up and running with just a few clicks. No technical knowledge required.

Dappnode

Core

The DIY way.

Core is free open source software that anyone can use to power their own machine. Have your own machine? Set up a server before? This one's for you.

Your Web3 app store

Support your pick of Web3 chains and apps by running them on your dappnode

Check our app explorer to see all available apps
Loved since 2018
An open & supportive community

A global community of 3,000+ people coming together to learn from and support each other. All helping to advance the decentralization of the internet.
CONNECT WITH US
Forum
Github
Twitter
Partners & builders

Dappnode can help you to decentralize your protocol and allow users to run private instances of your app.

Decentralize your network with Dappnode

A Dappnode partnership enables you to:

Access a distrubuted network of nodes

Release custom hardware and bring your brand into the homes of Web3 users

Build for the Dappnode app store

Dappnode helps builders:

Create a Dappnode-ready version of your app with our simple SDK

Make your app available to thousands of node-runners

Bring auto-updates to your infra runners
Partner: Gnosis Chain

Deployed more than 1132 validators

Produced and sold custom hardware
Martin K√∂ppelmann üá∫üá¶

Co-Founder & CEO of Gnosis
@koeppelmann

""Validator decentralization is extremely important for us, so we partnered with Dappnode to make it a reality""
Supported through grants and funds from:

CONNECT WITH US

    Discord
    Forum
    Github
    Twitter
    Medium

PRODUCTS

    Home
    Products
    Documentation
    Partners
    Smooth
    Dappnode Driving School

HELP

    Billing & Invoice
    Order Management
    Shipping
    Returns
    Contact us

SEE ALSO

    About Us
    Terms & Conditions
    Privacy Policy
    Legal Terms and Conditions
    Cookie Policy
    Dappnode Affiliate Program

DappNode ‚Ñ¢Ô∏è| Decentralized P2P Networking |

¬© 2025"
,tor-project,MATURE BUILDERS,tor-project,"
Browse Privately.
Explore Freely.
Defend yourself against tracking and surveillance. Circumvent censorship.
Block Trackers
BLOCK TRACKERS

Tor Browser isolates each website you visit so third-party trackers and ads can't follow you. Any cookies automatically clear when you're done browsing. So will your browsing history.
Defend Against Surveillance
DEFEND AGAINST SURVEILLANCE

Tor Browser prevents someone watching your connection from knowing what websites you visit. All anyone monitoring your browsing habits can see is that you're using Tor.
Resist Fingerprinting
RESIST FINGERPRINTING

Tor Browser aims to make all users look the same, making it difficult for you to be fingerprinted based on your browser and device information.
Multi-layered Encryption
MULTI-LAYERED ENCRYPTION

Your traffic is relayed and encrypted three times as it passes over the Tor network. The network is comprised of thousands of volunteer-run servers known as Tor relays.
Browse Freely
BROWSE FREELY

With Tor Browser, you are free to access sites your home network may have blocked.
ABOUT US

We believe everyone should be able to explore the internet with privacy. We are the Tor Project, a 501(c)(3) US nonprofit. We advance human rights and defend your privacy online through free software and open networks. Meet our team.
Download Tor Browser

Download Tor Browser to experience real private browsing without tracking, surveillance, or censorship.
Our mission:

To advance human rights and freedoms by creating and deploying free and open source anonymity and privacy technologies, supporting their unrestricted availability and use, and furthering their scientific and popular understanding."
0xb7b83ad943fd3fa1d40b1590a5874431ac90be72e7f9b90db81db9294a417962,zaratandotworld,MATURE BUILDERS,zaratandotworld,
0x8f10b67aa9bf8cf206a7e0b4a2f83c533ee523a28c3b912e52678537e68928b6,jobstash,MATURE BUILDERS,jobstash,
0xcbb363783fddd273e8a74b9d05e9a96499c2c9cc83d1871fc5e52aa876d49316,ethers-io,MATURE BUILDERS,ethers-io,
0x051b5bdc0d04a2732212f67e321a65bcecd89226f248d5d9ef2fe0855e5f584b,wevm,MATURE BUILDERS,wevm,
0x5bcb382413123e3e0176c6480660d856d65cfbc19e0ef88557d39459d8aa4c8b,0xfacet,MATURE BUILDERS,0xfacet,
0xf1e079f0432b8f22d831530ddcf6a15e8aacb8fd39abf7465d33be9d89286348,shapeshift,MATURE BUILDERS,shapeshift,
0x7dc405043db4c96cec098bdb4561d5eed5220aef0cefcfb9cfa9bdd370337070,citizenwallet,MATURE BUILDERS,citizenwallet,
0x9aba986e5a1628f7cad35a182c7b0e51011dd92219abbf990dba0e75773fb47d,blockscout,MATURE BUILDERS,blockscout,
0x894b0042307e276dd7220307a3322db396b1744bd1b9d686318cc7a5fdce59f0,zkemail,MATURE BUILDERS,zkemail,
0xfabc09d3228b4183d4fdac845336a131ce3564a2d0ae816510fa1d8361fce7f9,kleo-network,MATURE BUILDERS,kleo-network,
,carmineoptions,MATURE BUILDERS,carmineoptions,"Carmine Options AMM
https://carmine.finance
Created on: August 11th, 2023
CarmineOptions
Verified
CarmineOptions
Verified
MarekHauzr
About

Carmine Finance

Carmine Finance has a simple goal. Take care of crypto risk.

Carmine community takes care of risk through insurance, hedging and monitoring. We are pushing the boundaries of these.

Through Carmine Options AMM blockchain users and protocols can hedge or insure against the risks that apply to them and through DeRisk anyone will be able to monitor those risks.
Carmine Options AMM

Options AMM that allows users not only to buy, but also to sell options. This has cool implications for liquidity providers - it minimizes their risk and increases the usage of provided capital. Alongside standard pairs listings, one can trade options for different underlying assets such as NFT portfolios and more.

We view options as ‚Äúif statement with market pricing‚Äù. Imagine being or not being able to use ‚Äúif statement‚Äù while implementing some software. Implication of viewing options in this way is a revolutionary approach that provides a** major building block to DeFi composability**.

Thing that can easily be build on top of these building blocks include

    Hedging / insuring investments (https://app.carmine.finance/insurance)

    Hedging and insurance against impermanent loss

    Insurance against game commodities price drops

    Insurance against risk of under the water loans (shortfall events)

    Moves us closer to solving the problem of capital efficiency in DeFi

    Many more (https://docs.carmine.finance/carmine-options-amm/use-cases)

The smart contracts are written in a way that anyone who deploys them can easily build products on top of them, or build on top of the already deployed.
DeRisk

A simple open source tool to monitor risks in DeFi.

The high ambition project is just about to be released. The goal is to monitor, estimate and forecast risks associated with behavior of DeFi protocols.

The first major risk that is being monitored is a risk of occurrence of under the water loans. The project aims to quantify this risk and allow anyone to adjust the models, integrate new protocols (data sources) and mainly to provide information so that this risk can be managed in a better way and new products can be built or current ones extended. Imagine being able to use any asset as collateral.
Carmine Governance

We believe builders on StarkNet should be laser focused on building their products and not on building tooling or features that are very similar or even the same across different projects. Just as builders don‚Äôt create their own IDEs, testing and deployment frameworks and so on, they should not be building their own governance (unless they have a good reason for it), token distributions or spend a lot of time on thinking about where and how to list their token. Spending time on these tasks diverts builders from what matters, especially in the early days of their projects. Simultaneously, there should be multiple options to pick from, the same way you have multiple IDEs, wallets, DEXes and so on.

We are building Governance that will be usable by any protocol on StarkNet. That will save on development time and guide developers through project token creation, token distribution, staking, listing and more. There is a lot ahead of us but we have already released a very early partial version and Carmine Options AMM is using it to guide its decisions.     Carmine Finance
https://carmine.finance
Created on: April 16th, 2024
CarmineOptions
Verified
CarmineOptions
Verified
MarekHauzr
About

Carmine Finance

Carmine Finance has a simple goal. Take care of crypto risk.

Carmine community takes care of risk through insurance, hedging and monitoring. We are pushing the boundaries of these.

Carmine Finance offers a robust infrastructure that equips the community with advanced tools, promoting self-directed risk management, insurance solutions, and governance within the DeFi ecosystem:

    DeRisk: A platform that facilitates independent risk monitoring and mitigation strategies, enabling users to safeguard their digital assets proactively.

    Options AMM: A foundational tool for the community to create diverse insurance products, allowing for flexible risk coverage tailored to their needs.

    Governance Framework: An accessible and customizable system that empowers any Starknet protocol to innovate with token creation, distribution, and staking, reinforcing community-led governance.""

These are the primary use cases of the products built by Carmine Finance. These open source products enable the creation of multiple other chain-agnostic solutions for protocols. And Carmine Options AMM stitches all of these together, being the powerhouse of the entire product suite.
Description:

Through DeRisk, any protocol built on any chain, will be able to monitor the risk of liquidations.

Through Carmine Options AMM ( a unique open-source solution built by the developers at Carmine Finance), blockchain users and protocols can:

    Hedge or insure against the risks that apply to them.

Carmine Options AMM

The Carmine Options AMM allows users not only to buy, but also to sell options. This has strong implications for liquidity providers - it minimizes their risk and increases the usage of provided capital. Alongside standard pairs listings, one can trade options for different underlying assets such as NFT portfolios and more.

We view options as ‚Äúif statements with market pricing‚Äù. Imagine being or not being able to use ‚Äúif statement‚Äù while implementing some software. Implication of viewing options in this way is a revolutionary approach that provides a major building block to DeFi composability.

Things that can easily be built on top of these building blocks include

    Hedging / insuring investments (https://app.carmine.finance/insurance)

    Hedging and insurance against impermanent loss

    Insurance against game commodities during price drops

    Insurance against risk of under the water loans (shortfall events)

    Moves us closer to solving the problem of capital efficiency in DeFi

    Many more (https://docs.carmine.finance/carmine-options-amm/use-cases)

The smart contracts are written in a way that anyone who deploys them can easily build products on top of them, or build on top of the already deployed.
DeRisk

A simple yet sophisticated open source tool built by the developers of Carmine Finance to monitor risks in DeFi. The high ambition project is already live on Starkent and will soon go live on Solana, and Stellar. The goal is to monitor, estimate and forecast risks associated with the behavior of DeFi protocols.

The first major risk that is being monitored is a risk of occurrence of under the water loans. The project quantifies this risk and allows anyone to adjust the models, integrate new protocols (data sources). The main objective is to provide information so that this risk can be managed in a better way and new products can be built or current ones extended. Imagine being able to use any asset as collateral.
Carmine Governance

We believe builders on StarkNet should be laser focused on building their products and not on building tooling or features that are very similar or even the same across different projects. Just as builders don‚Äôt create their own IDEs, testing and deployment frameworks and so on, they should not be building their own governance (unless they have a good reason for it), token distributions or spend a lot of time on thinking about where and how to list their token. Spending time on these tasks diverts builders from what matters, especially in the early days of their projects. Simultaneously, there should be multiple options to pick from, the same way you have multiple IDEs, wallets, DEXes and so on.

We are building Governance that will be usable by any protocol on StarkNet. That will save on development time and guide developers through project token creation, token distribution, staking, listing and more. There is a lot ahead of us and we have already released a pilot version and Carmine Options AMM is using it to guide its decisions.

Certainly, here's a drafted roadmap formatted with bullet points, aiming for clarity and showcasing future initiatives:

Carmine Finance Roadmap:

    Strategic Partnerships: Forge collaborative ties with leading protocols on Starknet to enhance cross-protocol functionality and open up new utility avenues for users.

    DeFi Spring Incentives: Actively engage and contribute to the ecosystem's liquidity and growth. This is solely pertaining to the Carmine Options AMM as one of the leading protocols on Starkent.

    Influencer Collaborations: Engage with Key Opinion Leaders (KOLs) within the crypto space to boost awareness and adoption of Carmine Finance's offerings through authentic and educational content.

    Campaign Partnerships: Launch joint campaigns with prominent bridging and wallet services to ease user onboarding and provide seamless experiences for liquidity provision and trading on Carmine Finance.

     "
,beacon-chain,MATURE BUILDERS,beacon-chain,"
$9,567.10 crowdfunded from 4957 people
$18,933.96 received from matching pools
https://beaconcha.in
beaconcha_in
buttaa (user)
gobitfly (project)
48%
average score over 5 application evaluations
An open-source Ethereum network explorer integrating consensus and execution layers, offering both web-based access and mobile apps for on-the-go validator monitoring.

beaconcha.in is an open source explorer that provides users with an easy and accessible way to explore the Ethereum network.

Our explorer is designed to be user-friendly, making it accessible to non-technical users.

In addition to our web-based explorer, we also offer an open-source mobile app for iOS and Android, providing users with the ability to monitor their validators on the go.

One of our key features is the integration of both the consensus layer and the execution layer in a single explorer. This allows users to easily access and analyze data from both layers, providing a more comprehensive view of the Ethereum network.

https://github.com/gobitfly/eth2-beaconchain-explorer
beaconcha.in History

    accepted into Ethereum Infrastructure 1 year ago. 1644 people contributed $2,995 to the project, and $3,832 of match funding was provided.
    accepted into Ethereum Core Infrastructure, Research, and Development 1 year ago. 3079 people contributed $2,280 to the project, and $8,957 of match funding was provided.
    accepted into ENS Ecosystem 1 year ago. 23 people contributed $223 to the project, and $2,503 of match funding was provided.
    accepted into Web3 Open Source Software Round 1 year ago. 211 people contributed $4,069 to the project, and $3,641 of match funding was provided.

People donating to beaconcha.in, also donated to
Revolte.
App for learning Web3 interactively, facilitating wallet creation for over 1600 users, launched in March 2023 without using technical jargon.
Ethereum Attestation Service
An open-source, permissionless service for creating verifiable onchain and offchain attestations, fostering trust online with tools and documentation for developers and users.
Mummy
A swap and perpetual DEX offering secure, liquid trading for various blue-chip crypto assets.
Revolte
Launched in March 2023, Revolte is an app making Web3 learning easy and fun, helping over 1600 new users create their first wallets."
0x6ef58465cdcab68125cc6b903cb870e2d56f00c45e66797f4fbcba022d82e257,glo-foundation,MATURE BUILDERS,glo-foundation,
,datonic,MATURE BUILDERS,datonic,"Gitcoin Grants Data Portal
https://davidgasquez.github.io/gitcoin-grants-data-portal/
Created on: February 29th, 2024
davidgasquez
davidgasquez/gitcoin-grants-data-portal
About

Gitcoin Grants Data Portal

Open source, serverless, and local-first data hub for Gitcoin Grants data to improve data access and empower data scientists to conduct research!

Visit the portal website to download weekly updates of Gitcoin data packaged as analysis-ready .parquet files!

Instead of fetching data such as donations, projects, rounds or passport scores from multiple APIs you can now get it all from one place, packaged and cleaned!

The Gitcoin Data Portal repository contains code and artifacts to help process Gitcoin Grants data from the Grants Stack Indexer API.

üì¶ Data portal Pipeline is an instance of datadex allowing you to:

    Add new data sources to the portal, collaborate on better models (ala Dune) or submit an interesting analysis

    Don't ask, fork it and improve the models, add a new source or update any script

    Declarative stateless transformations tracked in git, executed in GitHub Actions and published to IPFS

    Data, artifacts (like the entire DuckDB database), and models all version controlled.

    Share and explore dashboards and reports with the world!

üì¶ Key Features

    Code, data and infrastructure are fully open source.

    Uses open standards/formats and modular components (Parquet, IPFS, dbt, Dagster).

    Permissionless!

    Clone and edit things away! You're not blocked by any API rate limits, or closed data like in Dune.

    All other git features like branching, merging are available because all the data is transformed declaratively as code.

    Decentralized!

The project runs on a laptop, a server, a CI runner (that's the way is working right now) or a even decentralized compute network like Bacalhau. Oh, it even works in GitHub Codespaces so you don't even need to setup anything locally!

Data is stored in IPFS. You can run it locally, and it'll generate the same IPFS files if nothing has changed. The more people run it, the more distributed the IPFS files will be!

üì¶ Extra

    It supports all the cool things data engineers want; typing, tests, materialized views, dev branches

    Uses best practices (declarative transformations) and state of the art tooling (DuckDB + Dagster + DBT + Quatro).

    It has integrated publishing platform to surface Jupyter notebooks with useful analyses.

Made by DavidGasquez, DistributedDoge and always open to new contributors!     Datadex
https://github.com/davidgasquez/datadex
Created on: April 20th, 2023
davidgasquez
Verified
datonic
Verified
davidgasquez
About

Datadex enables people to easily collaborate on Open Data. By using the principles from the Modern/Open Data Stack and tools like dbt and DuckDB it allows anyone to transform/model data by simply writing select statements or importing someone else's ethereum_blocks.sql and building on top of it!

Is like Dune Spellbook, but works on your laptop!
üí° Features

    Open: Play well with the rest of the ecosystem.

    Modular: Each tool can be replaced and extended (adapters). Works well in many environments.

    Flexible. Run it from your laptop, in a cluster, or from the browser.

    Data as Code. Version your data as code thanks to dbt! Publish and share your models for other people to build on top of them.

    Modern: Supports types, tests, materialized views, and more."
0xb7f0a657dc2950ef2656224e7355e1d2481436c8608399d2da739749daf5d9ab,zkp2p,MATURE BUILDERS,zkp2p,